STG-002,K0988
STG-003,R5507
STG-004,N5902
STG-005,A1962
STG-006,C8390
STG-007,J0926
STG-008,U7998
STG-009,L2110
STG-010,R2050
STG-011,S5102
STG-012,M0125
STG-013,V0882
STG-068,H3325
STG-069,W6887
STG-070,D2062
STG-071,N4231
STG-072,V2795
STG-073,G3540
STG-074,F4527
STG-075,U6634
STG-076,A3617
STG-077,Q3109
STG-078,L0438
STG-079,Y7513
STG-082,H6460
STG-083,I4159
STG-084,W7827
STG-085,K7581
STG-086,E0047
STG-087,S8026
STG-088,K1233
STG-089,D8347
STG-090,L2768
STG-091,X4310
STG-092,M5645
STG-093,M0454
STG-149,O1553
STG-150,L9658
STG-151,A4477
STG-152,X0926
STG-153,X8334
STG-154,S6801
STG-155,T4883
STG-156,F2616
STG-157,N6047
STG-158,E3787
STG-159,P0420
STG-160,J5990
DR-002,X3708
DR-003,X5729
DR-004,M5005
DR-005,Y4179
DR-006,W7864
DR-007,N0903
DR-008,N4136
DR-009,Z4121
DR-010,H4297
DR-011,M9453
DR-012,I1268
DR-013,P1856
DR-068,Z4636
DR-069,V5465
DR-070,F6836
DR-071,I9757
DR-072,B0746
DR-073,S9423
DR-074,B0918
DR-075,N2040
DR-076,D3663
DR-077,R8574
DR-078,O8578
DR-079,F8651
DR-082,H0062
DR-083,S6314
DR-084,D4791
DR-085,R3573
DR-086,B3843
DR-087,C0046
DR-088,O4914
DR-089,A4278
DR-090,W2625
DR-091,G0364
DR-092,Q0856
DR-093,A5955
DR-149,V1504
DR-150,G1527
DR-151,O4323
DR-152,X1147
DR-153,D4894
DR-154,T7862
DR-155,Y2831
DR-156,Y2736
DR-157,O6080
DR-158,Z7244
DR-159,R6079
DR-160,O8731
010-C-211,W5872
010-C-212,J4477
010-C-213,O9421
010-C-214,L7809
010-C-215,I3082
010-C-216,L3058
010-C-217,D3250
010-C-218,O7014
010-C-219,B3150
010-C-220,J0571
010-C-221,V3287
010-C-222,Y5216
010-C-223,I8685
010-C-224,B2163
010-C-225,V2468
010-C-226,Z1965
010-C-227,D7111
010-C-228,R3659
010-C-229,B6649
010-C-230,U5596
010-C-231,V8691
010-C-232,E2848
010-C-233,N7912
010-C-234,C7670
010-C-235,M6922
010-C-237,O6114
010-C-239,V9459
010-C-241,Z6651
010-C-243,V0898
010-D-185,J0710
010-D-186,D1527
010-D-187,V7753
010-D-188,Y7259
010-D-189,A5528
010-D-190,G9521
010-D-191,T0578
010-D-192,Q6648
010-D-193,I4476
010-D-194,T5973
010-D-195,J0792
010-D-196,V9790
010-D-197,Z1813
010-D-198,C0157
010-D-199,L9078
010-D-201,A5752
010-D-203,W8578
010-D-209,T8058
010-D-210,U6725
010-E-161,O1993
010-E-162,H3112
010-E-163,S8555
010-E-164,P2512
010-E-165,F2910
010-E-166,Q5257
010-E-167,D1862
010-E-168,A4708
010-E-169,C6161
010-E-170,X2192
010-E-171,U5888
010-E-172,S4417
010-E-173,K3392
010-E-174,W2597
010-E-175,T5153
010-E-176,N3519
010-E-177,L6319
010-E-178,D9534
010-E-179,S6289
010-E-180,V5322
010-E-181,Y5239
010-E-182,P3732
010-E-183,R3078
010-E-184,E6244
010-F-139,Z6589
010-F-141,Z2018
010-F-143,E7162
010-F-145,E0021
010-F-146,N0811
010-F-147,K4421
010-F-148,G4363
010-F-149,X1680
010-F-150,E9824
010-F-151,Q8067
010-F-152,T1491
010-F-153,Z0404
010-F-154,X5198
010-F-155,V2870
010-F-156,C0745
010-F-157,V3330
010-F-158,Q3370
010-F-159,D2937
010-F-160,I2900
010-G-121,X8600
010-G-122,X1315
010-G-123,S1046
010-G-124,M3458
010-G-125,B5024
010-G-126,O6019
010-G-127,I8790
010-G-128,A8179
010-G-129,B6057
010-G-130,E7462
010-G-131,J9613
010-G-132,L5672
010-G-133,Y4265
010-G-134,B4870
010-G-135,I5711
010-G-136,Q5242
010-H-105,Q1331
010-H-106,J6011
010-H-107,J0764
010-H-108,J7361
010-H-109,F3025
010-H-110,H2559
010-H-111,B2781
010-H-112,S8202
010-H-113,N7951
010-H-114,W8975
010-H-115,C5355
010-H-116,X5328
010-H-117,B3971
010-H-118,F4605
010-H-119,P4178
010-H-120,K1946
010-J-081,S9553
010-J-082,M9341
010-J-083,R8350
010-J-084,W7018
010-J-085,E0255
010-J-086,T9947
010-J-087,N5984
010-J-088,N4242
010-J-089,M8600
010-J-090,I8999
010-J-091,O4748
010-J-092,M2551
010-J-093,B6290
010-J-094,Z7180
010-J-095,E7089
010-J-096,C9926
010-J-097,M7495
010-J-098,N6845
010-J-099,U3344
010-J-100,V6971
010-J-101,J4961
010-J-102,S6831
010-J-103,C0692
010-J-104,Y4399
010-K-057,H9392
010-K-058,P5231
010-K-059,E0776
010-K-060,E6943
010-K-061,Q3131
010-K-062,T6048
010-K-063,B7767
010-K-064,S6331
010-K-065,D4088
010-K-066,X1357
010-K-067,S8880
010-K-068,L1010
010-K-069,E8388
010-K-070,L1025
010-K-071,H5257
010-K-072,D0543
010-K-073,H6428
010-K-074,Q3668
010-K-075,G8716
010-K-076,W0071
010-K-077,M6816
010-K-078,G4296
010-K-079,I2767
010-K-080,C6737
010-L-043,U3141
010-L-044,P9067
010-L-045,N4355
010-L-046,I7494
010-L-047,B9865
010-L-048,U3247
010-L-049,X3913
010-L-050,E1251
010-L-051,Z8077
010-L-052,K3697
010-L-053,D2280
010-L-054,Y6302
010-L-055,Z4761
010-L-056,N4587
020-D-186,S8136
020-D-190,T1599
020-D-194,R5341
020-D-198,A8253
020-E-162,H6717
020-E-166,Y0655
020-E-170,D6294
020-E-174,J8720
020-E-178,G3366
020-E-182,X5611
020-E-184,J4821
020-F-146,F3774
020-F-148,Y4308
020-F-152,T6510
020-F-156,C8263
020-F-160,E3504
020-G-122,J3943
020-G-126,C6652
020-G-130,L2492
020-G-134,D0425
020-G-136,N3595
020-H-106,O0909
020-H-110,Z9725
020-H-114,A0373
020-H-118,X8084
020-H-120,W7030
020-J-082,E7032
020-J-086,B9678
020-J-090,C0633
020-J-094,A3917
020-J-096,T2127
020-J-100,J6771
020-J-104,Y6205
020-K-058,J7660
020-K-062,L4847
020-K-066,B7915
020-K-070,O0002
020-K-074,Q0731
020-K-078,I3118
020-K-080,X6747
020-L-044,W9111
020-L-048,H5081
020-L-052,S1789
020-L-056,V3106
030-D-186,A4793
030-D-188,Q2266
030-D-190,A7270
030-D-192,T6539
030-D-194,Q5425
030-D-196,Z7593
030-D-198,M0470
030-E-162,Z6752
030-E-164,Y2968
030-E-166,T8077
030-E-168,O5609
030-E-170,Z1990
030-E-172,R1805
030-E-174,E4278
030-E-176,G5093
030-E-178,E6180
030-E-180,Y1504
030-E-182,L7172
030-E-184,F7190
030-F-146,X4488
030-F-148,D2166
030-F-150,R4791
030-F-152,H0729
030-F-154,E4374
030-F-156,P5665
030-F-158,Z0308
030-F-160,N3687
030-G-122,M3806
030-G-124,D0256
030-G-126,N9433
030-G-128,Z6931
030-G-130,Y4632
030-G-132,S8100
030-G-134,X8642
030-G-136,S2180
030-H-106,C9497
030-H-108,G9651
030-H-110,R4745
030-H-112,O6774
030-H-114,B0053
030-H-116,B0161
030-H-118,E5437
030-H-120,L9156
030-J-082,Y7263
030-J-084,K6930
030-J-086,J3900
030-J-088,W1960
030-J-090,G8749
030-J-092,F6584
030-J-094,A4679
030-J-096,K1211
030-J-098,M0919
030-J-100,Z7611
030-J-102,E4027
030-J-104,L2082
030-K-058,N1302
030-K-060,F3398
030-K-062,L4397
030-K-064,H5084
030-K-066,S8086
030-K-068,P0923
030-K-070,Y4764
030-K-072,B3931
030-K-074,U6457
030-K-076,Y1922
030-K-078,A1990
030-K-080,R1155
030-L-044,P6417
030-L-046,X2137
030-L-048,O5265
030-L-050,D8035
030-L-052,G2593
030-L-054,B4697
030-L-056,P1868
040-D-186,D6310
040-D-190,E5552
040-D-194,I6400
040-D-198,N6097
040-E-162,Z9708
040-E-166,F9584
040-E-170,D3565
040-E-174,N4529
040-E-178,R7013
040-E-182,A4913
040-E-184,J3952
040-F-146,D9471
040-F-148,V4983
040-F-152,M7310
040-F-156,G9546
040-F-160,Q4659
040-G-122,R5252
040-G-126,Q9262
040-G-130,X7655
040-G-134,W3976
040-G-136,P0926
040-H-106,M6287
040-H-110,K6161
040-H-114,L4040
040-H-118,N5395
040-H-120,L5643
040-J-082,U1213
040-J-086,Z0410
040-J-090,S6354
040-J-094,H5150
040-J-096,J5289
040-J-100,W7360
040-J-104,V6437
040-K-058,H2175
040-K-062,D6627
040-K-066,M9393
040-K-070,R2665
040-K-074,T8388
040-K-078,H6038
040-K-080,C0912
040-L-044,O6125
040-L-048,Y9301
040-L-052,S5647
040-L-056,B4537
050-D-186,E0932
050-D-188,J3020
050-D-190,C3888
050-D-192,G0156
050-D-194,E3007
050-D-196,C9523
050-D-198,H7047
050-E-162,K2624
050-E-164,W0043
050-E-166,X6283
050-E-168,C6017
050-E-170,W5840
050-E-172,E4777
050-E-174,W7141
050-E-176,S2798
050-E-178,H2649
050-E-180,G4155
050-E-182,P8023
050-E-184,K5606
050-F-146,Z3522
050-F-148,Z5745
050-F-150,U6847
050-F-152,Q3893
050-F-154,U5111
050-F-156,Q6259
050-F-158,J6113
050-F-160,K0919
050-G-122,C6636
050-G-124,Q3065
050-G-126,G5882
050-G-128,R9126
050-G-130,R7370
050-G-132,J0897
050-G-134,O1928
050-G-136,F8712
050-H-106,H4537
050-H-108,Q9145
050-H-110,I8048
050-H-112,O3491
050-H-114,U3761
050-H-116,V9174
050-H-118,J4021
050-H-120,F2847
050-J-082,S7389
050-J-084,G1655
050-J-086,M2107
050-J-088,D1533
050-J-090,T5492
050-J-092,D2178
050-J-094,H3148
050-J-096,V5906
050-J-098,R9695
050-J-100,I5447
050-J-102,T3226
050-J-104,V8505
050-K-058,A5759
050-K-060,W3757
050-K-062,J7130
050-K-064,K5816
050-K-066,B1773
050-K-068,K0594
050-K-070,D1464
050-K-072,E3761
050-K-074,K6767
050-K-076,B1295
050-K-078,N7816
050-K-080,M6507
050-L-044,N4805
050-L-046,T8784
050-L-048,H7236
050-L-050,G5015
050-L-052,D9504
050-L-054,J5856
050-L-056,U1942
060-C-212,G7191
060-C-216,E9497
060-C-220,M1906
060-C-224,O9886
060-C-228,Z6118
060-C-230,N4993
060-C-234,H3528
060-D-186,F0198
060-D-190,K5245
060-D-194,N3862
060-D-198,W1303
060-D-210,J9535
060-E-162,H0477
060-E-166,S3904
060-E-170,X7292
060-E-174,B6934
060-E-178,V7021
060-E-182,K5932
060-E-184,Y8104
060-F-146,H1944
060-F-148,D3791
060-F-152,F2581
060-F-156,A6614
060-F-160,H4274
060-G-122,M7285
060-G-126,G6143
060-G-130,H4771
060-G-134,V8628
060-G-136,B1222
060-H-106,J1611
060-H-110,F8723
060-H-114,F0438
060-H-118,T6210
060-H-120,N4641
060-J-082,C6072
060-J-086,I7077
060-J-090,Z3595
060-J-094,F2501
060-J-096,T4390
060-J-100,M8786
060-J-104,T7312
060-K-058,S9056
060-K-062,E4381
060-K-066,Y1847
060-K-070,B6074
060-K-074,P8581
060-K-078,E5906
060-K-080,H7318
060-L-044,I5740
060-L-048,A1319
060-L-052,S2191
060-L-056,C0843
060-M-008,S8588
060-M-012,J2544
060-M-016,A5710
060-M-020,Y1006
060-M-024,V5544
060-M-028,C2590
060-M-030,T9527
060-M-032,G9066
070-C-212,Y0504
070-C-214,U9514
070-C-216,N3265
070-C-218,G7951
070-C-220,N6639
070-C-222,U7183
070-C-224,R5432
070-C-226,H5313
070-C-228,N1081
070-C-230,K8911
070-C-232,C9881
070-C-234,E8510
070-D-186,F8745
070-D-188,E8625
070-D-190,T0162
070-D-192,Z9078
070-D-194,Q6009
070-D-196,N0745
070-D-198,A0427
070-D-210,G6553
070-E-162,W5358
070-E-164,D5938
070-E-166,Q2335
070-E-168,M7982
070-E-170,B6312
070-E-172,N9824
070-E-174,J2828
070-E-176,K7405
070-E-178,H9846
070-E-180,U9697
070-E-182,R8604
070-E-184,P2643
070-F-146,X6507
070-F-148,S5728
070-F-150,B2981
070-F-152,W5077
070-F-154,D4282
070-F-156,J5622
070-F-158,Y0809
070-F-160,M3323
070-G-122,E0851
070-G-124,Z4398
070-G-126,X6270
070-G-128,L0601
070-G-130,A4692
070-G-132,N4582
070-G-134,E9379
070-G-136,G7484
070-H-106,I7471
070-H-108,G1960
070-H-110,Y6983
070-H-112,D8624
070-H-114,U4999
070-H-116,Q7825
070-H-118,X2945
070-H-120,I4791
070-J-082,S9415
070-J-084,Y4649
070-J-086,F6529
070-J-088,G8321
070-J-090,H8764
070-J-092,W7004
070-J-094,L3444
070-J-096,G3042
070-J-098,Z6657
070-J-100,F3819
070-J-102,G5642
070-J-104,D4880
070-K-058,A8700
070-K-060,E5463
070-K-062,H8254
070-K-064,L4984
070-K-066,N2515
070-K-068,Z9895
070-K-070,D1142
070-K-072,L5213
070-K-074,B4955
070-K-076,M6213
070-K-078,G1217
070-K-080,Y7622
070-L-044,M8394
070-L-046,R4693
070-L-048,W9073
070-L-050,N0474
070-L-052,N0698
070-L-054,W1488
070-L-056,E7954
070-M-008,A0888
070-M-010,S5408
070-M-012,U5183
070-M-014,N6874
070-M-016,Q5632
070-M-018,A0323
070-M-020,C1013
070-M-022,M8769
070-M-024,E8515
070-M-026,U6892
070-M-028,G5802
070-M-030,A1509
070-M-032,X3425
080-C-212,S4544
080-C-216,A8836
080-C-220,L5613
080-C-224,E8638
080-C-228,M8034
080-C-230,M1777
080-C-234,F6780
080-D-186,W4131
080-D-190,I4883
080-D-194,F2066
080-D-198,J1746
080-D-210,Y8682
080-E-162,K2120
080-E-166,Y7356
080-E-170,Q2133
080-E-174,Z3327
080-E-178,F1048
080-E-182,H2108
080-E-184,T5095
080-F-146,P5491
080-F-148,F0221
080-F-152,A3587
080-F-156,N7028
080-F-160,G5757
080-G-122,U4229
080-G-126,W7621
080-G-130,U1171
080-G-134,V5328
080-G-136,J1723
080-H-106,I5822
080-H-110,A0882
080-H-114,Q0944
080-H-118,S7731
080-H-120,Y7903
080-J-082,D1228
080-J-086,V4404
080-J-090,N9042
080-J-094,A3141
080-J-096,D3694
080-J-100,B2115
080-J-104,K7890
080-K-058,A1939
080-K-062,X1659
080-K-066,N5717
080-K-070,X8165
080-K-074,P5128
080-K-078,O8924
080-K-080,V0720
080-L-044,E4017
080-L-048,S9592
080-L-052,C2149
080-L-056,H7386
080-M-008,Q4673
080-M-008,W5376
080-M-012,E0283
080-M-012,X6749
080-M-016,Q6387
080-M-016,A1697
080-M-020,L3761
080-M-020,A7545
080-M-024,T8676
080-M-024,X4606
080-M-028,P9211
080-M-028,C5017
080-M-030,W1790
080-M-030,P4737
080-M-032,O3000
090-C-212,O9401
090-C-214,V2498
090-C-216,X1194
090-C-218,G3296
090-C-220,D1240
090-C-222,M3644
090-C-224,L9321
090-C-226,M0321
090-C-228,I5804
090-C-230,G2810
090-C-232,K5740
090-C-234,N2907
090-D-186,Q8687
090-D-188,V9358
090-D-190,X2368
090-D-192,E2832
090-D-194,L9345
090-D-196,A8093
090-D-198,R0380
090-D-210,N2187
090-E-162,N7056
090-E-164,X0203
090-E-166,V7044
090-E-168,U1861
090-E-170,G6079
090-E-172,W3547
090-E-174,U1071
090-E-176,U5673
090-E-178,L4118
090-E-180,G3777
090-E-182,M5565
090-E-184,B0993
090-F-146,V9977
090-F-148,F9054
090-F-150,U3778
090-F-152,Z9106
090-F-154,L7682
090-F-156,Y3171
090-F-158,D1288
090-F-160,J6230
090-G-122,W5607
090-G-124,P4135
090-G-126,I3685
090-G-128,R4953
090-G-130,A2218
090-G-132,F1496
090-G-134,W7986
090-G-136,Z3537
090-H-106,E6792
090-H-108,F0273
090-H-110,I4196
090-H-112,L0285
090-H-114,X1532
090-H-116,U6396
090-H-118,O8579
090-H-120,M0328
090-J-082,Y2392
090-J-084,E5257
090-J-086,Q6929
090-J-088,Q2480
090-J-090,E5333
090-J-092,V9485
090-J-094,E4492
090-J-096,O5085
090-J-098,D0758
090-J-100,S8705
090-J-102,U7617
090-J-104,K8705
090-K-058,N7770
090-K-060,L3327
090-K-062,P3287
090-K-064,Z9762
090-K-066,Q1066
090-K-068,V9610
090-K-070,Q5893
090-K-072,Y4601
090-K-074,E3520
090-K-076,B6564
090-K-078,R1286
090-K-080,A6135
090-L-044,H5615
090-L-046,R4135
090-L-048,P7865
090-L-050,C2652
090-L-052,I9204
090-L-054,K3571
090-L-056,Q2806
090-M-008,Q7622
090-M-010,G9877
090-M-012,U0475
090-M-014,U7974
090-M-016,L6451
090-M-018,U1179
090-M-020,W9391
090-M-022,J7513
090-M-024,D1179
090-M-026,Y0869
090-M-028,J2024
090-M-030,R6576
090-M-032,W3056
100-C-212,R8071
100-C-216,X6697
100-C-220,E4255
100-C-224,M0594
100-C-228,K6284
100-C-230,R2184
100-C-234,H6515
100-D-186,S1897
100-D-190,I9959
100-D-194,L2647
100-D-198,P4102
100-D-210,G5800
100-E-162,P7437
100-E-166,M5295
100-E-170,Y9053
100-E-174,X8499
100-E-178,N5704
100-E-182,M8821
100-E-184,D7734
100-F-146,D7304
100-F-148,B9952
100-F-152,R9563
100-F-156,D3592
100-F-160,G4886
100-G-122,B5122
100-G-126,U8795
100-G-130,R2982
100-G-134,F2278
100-G-136,W1598
100-H-106,A6045
100-H-110,L4686
100-H-114,P1862
100-H-118,U5200
100-H-120,G1375
100-J-082,A5772
100-J-086,B6579
100-J-090,Z4989
100-J-094,E6428
100-J-096,H6137
100-J-100,T5069
100-J-104,Z7334
100-K-058,J0313
100-K-062,G4966
100-K-066,G0979
100-K-070,E5238
100-K-074,E7402
100-K-078,N8715
100-K-080,J3184
100-L-044,I9727
100-L-048,N2771
100-L-052,N7769
100-L-056,E4125
100-M-008,C3699
100-M-012,I0849
100-M-016,U8912
100-M-020,X5542
100-M-024,T4585
100-M-028,U8858
100-M-030,A1517
110-C-212,D0124
110-C-214,H4357
110-C-216,Y7476
110-C-218,W1343
110-C-220,R2917
110-C-222,N8724
110-C-224,E8512
110-C-226,M6794
110-C-228,N6599
110-C-230,G2449
110-C-232,Q8201
110-C-234,R1561
110-D-186,K5690
110-D-188,C5003
110-D-190,Z5150
110-D-192,M4431
110-D-194,C1390
110-D-196,Y4703
110-D-198,Z4138
110-D-210,C0356
110-E-162,D1722
110-E-164,S0902
110-E-166,V5433
110-E-168,M8941
110-E-170,X7763
110-E-172,Z8608
110-E-174,F2028
110-E-176,G4221
110-E-178,B1298
110-E-180,U2689
110-E-182,E1167
110-E-184,H2811
110-F-146,E2991
110-F-148,I3791
110-F-150,M1241
110-F-152,Z6782
110-F-154,Z1160
110-F-156,X8280
110-F-158,U6977
110-F-160,E8668
110-G-122,L1002
110-G-124,M9693
110-G-126,X0543
110-G-128,T0546
110-G-130,A8219
110-G-132,Y3278
110-G-134,R4159
110-G-136,A9567
110-H-106,W1455
110-H-108,Z6698
110-H-110,A7980
110-H-112,E0109
110-H-114,J5648
110-H-116,N9615
110-H-118,Q9273
110-H-120,F9094
110-J-082,W9251
110-J-084,C9099
110-J-086,L7184
110-J-088,U5940
110-J-090,C8890
110-J-092,W1420
110-J-094,X9379
110-J-096,E5009
110-J-098,V6653
110-J-100,U0145
110-J-102,P2071
110-J-104,H6316
110-K-058,J4098
110-K-060,K8563
110-K-062,V2046
110-K-064,B6643
110-K-066,P6888
110-K-068,I0985
110-K-070,Y6236
110-K-072,X0954
110-K-074,Y7820
110-K-076,Z9363
110-K-078,Z0449
110-K-080,C3858
110-L-044,Z5848
110-L-046,Q4241
110-L-048,U0667
110-L-050,N4376
110-L-052,H8056
110-L-054,S1418
110-L-056,A1464
110-M-008,C5551
110-M-010,E3791
110-M-012,Z9607
110-M-014,C6614
110-M-016,N7976
110-M-018,X8184
110-M-020,C1871
110-M-022,B5230
110-M-024,S7774
110-M-026,V7550
110-M-028,O7209
110-M-030,C5789
110-M-032,V3318
120-C-212,E3550
120-C-214,G8616
120-C-216,A2418
120-C-218,D7722
120-C-220,M8471
120-C-222,L5585
120-C-224,C8938
120-C-226,E3591
120-C-228,W8919
120-C-230,L0127
120-C-232,Z2671
120-C-234,M2052
120-D-186,B1945
120-D-188,R1503
120-D-190,R3595
120-D-192,E5895
120-D-194,R2733
120-D-196,U7546
120-D-198,Z3106
120-D-210,L9172
120-E-162,D5738
120-E-164,B7643
120-E-166,E7662
120-E-168,L5481
120-E-170,H4491
120-E-172,V7553
120-E-174,J3168
120-E-176,E0967
120-E-178,B9080
120-E-180,P4694
120-E-182,H7140
120-E-184,B5124
120-F-146,V9511
120-F-148,Q7388
120-F-150,F9280
120-F-152,Q0239
120-F-154,B6441
120-F-156,N2855
120-F-158,T3560
120-F-160,X8231
120-G-122,T2636
120-G-124,Q7530
120-G-126,A6635
120-G-128,E8431
120-G-130,W7794
120-G-132,A7735
120-G-134,O1475
120-G-136,I3385
120-H-106,E7551
120-H-108,V7174
120-H-110,Z8032
120-H-112,D6203
120-H-114,H9088
120-H-116,G5302
120-H-118,V8363
120-H-120,Z6324
120-J-082,X0272
120-J-084,V7511
120-J-086,Q2785
120-J-088,C9733
120-J-090,Q5723
120-J-092,G3387
120-J-094,W0481
120-J-096,V2331
120-J-098,W4464
120-J-100,U9719
120-J-102,T6972
120-J-104,F4647
120-K-058,N3743
120-K-060,M6732
120-K-062,F1402
120-K-064,Q6245
120-K-066,B1091
120-K-068,K7252
120-K-070,J2386
120-K-072,A9966
120-K-074,L8556
120-K-076,W4338
120-K-078,S0458
120-K-080,L1540
120-L-044,U5814
120-L-046,F2260
120-L-048,Z4537
120-L-050,N6738
120-L-052,F4331
120-L-054,K9582
120-L-056,P3294
120-M-008,A7632
120-M-010,U3650
120-M-012,A1059
120-M-014,P6636
120-M-016,C3142
120-M-018,A1125
120-M-020,G4555
120-M-022,C8636
120-M-024,A5445
120-M-026,H1822
120-M-028,S3311
120-M-030,F8444
120-M-032,L0294
130-C-211,Y7341
130-C-212,T4938
130-C-213,H4903
130-C-214,F4360
130-C-215,U6534
130-C-216,N4184
130-C-217,W3176
130-C-218,L5273
130-C-219,U7738
130-C-220,U9954
130-C-221,W4271
130-C-222,J3234
130-C-223,S4247
130-C-224,F1805
130-C-225,N5064
130-C-226,S3369
130-C-227,W4649
130-C-228,A3270
130-C-229,K4607
130-C-231,C8994
130-C-233,J7758
130-D-185,K4755
130-D-186,A0068
130-D-187,Z0379
130-D-188,Q1664
130-D-189,U5255
130-D-190,I7342
130-D-191,O2406
130-D-192,W7709
130-D-193,P0839
130-D-194,R7854
130-D-195,X8361
130-D-196,Q0782
130-D-197,T7935
130-D-198,A6218
130-D-209,S5384
130-D-210,S6512
130-E-161,G7393
130-E-162,E9048
130-E-163,M3700
130-E-164,D9042
130-E-165,L5598
130-E-166,E4775
130-E-167,W1894
130-E-168,S3532
130-E-169,U6906
130-E-170,N8605
130-E-171,X3601
130-E-172,L4005
130-E-173,U6435
130-E-174,G3317
130-E-175,A3195
130-E-176,K3888
130-E-177,P4763
130-E-178,G3357
130-E-179,V2121
130-E-180,X4564
130-E-181,T9821
130-E-182,F1593
130-E-183,A6097
130-E-184,D8859
130-F-145,A4837
130-F-146,Y5796
130-F-147,T9964
130-F-148,B6772
130-F-149,J7060
130-F-150,U8450
130-F-151,V5650
130-F-152,W8038
130-F-153,N3672
130-F-154,X6535
130-F-155,A9126
130-F-156,J0885
130-F-157,U4765
130-F-158,Z0856
130-F-159,P5517
130-F-160,B4337
130-G-121,L2070
130-G-122,N6205
130-G-123,X8573
130-G-124,G6917
130-G-125,N2211
130-G-126,Q5778
130-G-127,H3890
130-G-128,N7883
130-G-129,K3257
130-G-130,H7958
130-G-131,W9376
130-G-132,C1357
130-G-133,O2090
130-G-134,C9381
130-G-135,U2770
130-G-136,C6179
130-H-105,G5897
130-H-106,N9446
130-H-107,P4385
130-H-108,U7799
130-H-109,P9046
130-H-110,K0706
130-H-111,F8877
130-H-112,N4753
130-H-113,M8820
130-H-114,T3454
130-H-115,H0384
130-H-116,V1394
130-H-117,Z0855
130-H-118,P4036
130-H-119,Z7552
130-H-120,E7197
130-J-081,G6787
130-J-082,V5572
130-J-083,D7210
130-J-084,P6282
130-J-085,U7527
130-J-086,Y0750
130-J-087,S9215
130-J-088,I7773
130-J-089,L1793
130-J-090,J3875
130-J-091,L4575
130-J-092,S7730
130-J-093,R4527
130-J-094,Y0875
130-J-095,X2067
130-J-096,S3154
130-J-097,E6512
130-J-098,X4897
130-J-099,F3520
130-J-100,C4260
130-J-101,Q9603
130-J-102,B2180
130-J-103,N9980
130-J-104,X0833
130-K-057,N8929
130-K-058,Q5480
130-K-059,N1383
130-K-060,C9161
130-K-061,Z2474
130-K-062,K3569
130-K-063,B1580
130-K-064,K2501
130-K-065,H5788
130-K-066,P1397
130-K-067,P3324
130-K-068,U3177
130-K-069,A0517
130-K-070,S6374
130-K-071,W6325
130-K-072,T3690
130-K-073,L2192
130-K-074,E2290
130-K-075,Q9369
130-K-076,B7858
130-K-077,X8601
130-K-078,N0406
130-K-079,K6163
130-K-080,E5830
130-L-043,M4772
130-L-044,A1310
130-L-045,J2078
130-L-046,H1299
130-L-047,F7534
130-L-048,R1338
130-L-049,Z2079
130-L-050,W8621
130-L-051,S0219
130-L-052,E2351
130-L-053,D1253
130-L-054,O4487
130-L-055,P7941
130-L-056,Y1917
130-M-007,U5767
130-M-008,J4009
130-M-009,J1460
130-M-010,N9744
130-M-011,H5178
130-M-012,Q3631
130-M-013,M0806
130-M-014,Z2850
130-M-015,K0609
130-M-016,A4172
130-M-017,J7082
130-M-018,T8096
130-M-019,X3515
130-M-020,K7802
130-M-021,E2599
130-M-022,A3885
130-M-023,O7098
130-M-024,N0133
130-M-025,N9394
130-M-026,Y6832
130-M-027,Z6060
130-M-028,D2451
130-M-029,K0739
130-M-030,W9085
130-M-031,F0037
130-M-032,M5343
140-C-211,W5302
140-C-212,P8276
140-C-213,T1265
140-C-215,K2464
140-C-216,G0008
140-C-217,X0846
140-C-220,E0051
140-C-224,N1481
140-C-228,Z4502
140-C-230,W7744
140-C-234,P2587
140-D-185,K0964
140-D-186,J3545
140-D-187,Z1540
140-D-188,W1116
140-D-189,A2073
140-D-190,T4594
140-D-191,F7872
140-D-192,I0698
140-D-193,F7330
140-D-194,Q0755
140-D-195,F4648
140-D-196,Q7643
140-D-197,A1080
140-D-198,Q8918
140-D-209,M7143
140-D-210,K4971
140-E-161,P2701
140-E-162,H5709
140-E-163,J6102
140-E-164,Y1710
140-E-165,B4831
140-E-166,H8525
140-E-167,Y1435
140-E-168,M6455
140-E-169,Y1397
140-E-170,X7166
140-E-171,P1036
140-E-172,O0415
140-E-173,T9907
140-E-174,K1459
140-E-175,P2016
140-E-176,E3352
140-E-177,O6599
140-E-178,Q3448
140-E-179,E1038
140-E-180,F7436
140-E-181,Y0153
140-E-182,Y0072
140-E-183,S9181
140-E-184,Q5861
140-F-145,P0918
140-F-146,S0572
140-F-147,T7430
140-F-148,H7419
140-F-149,B3811
140-F-150,I9635
140-F-151,F2989
140-F-152,Y0260
140-F-153,J1512
140-F-154,I6056
140-F-155,Q4917
140-F-156,S1867
140-F-157,M4379
140-F-158,O0066
140-F-159,H2587
140-F-160,L7227
140-G-121,I5722
140-G-122,B4387
140-G-123,Y9643
140-G-124,Z5652
140-G-125,M3911
140-G-126,J1029
140-G-127,Z7968
140-G-128,N4946
140-G-129,V6563
140-G-130,C6993
140-G-131,P8127
140-G-132,W6770
140-G-133,T4900
140-G-134,Y6695
140-G-135,D1030
140-G-136,W6666
140-H-105,J3046
140-H-106,B6256
140-H-107,P6929
140-H-108,L5626
140-H-109,Q0355
140-H-110,L8254
140-H-111,Z7568
140-H-112,Z7324
140-H-113,I4519
140-H-114,W0224
140-H-115,M0878
140-H-116,A6619
140-H-117,N5341
140-H-118,D4749
140-H-119,D9719
140-H-120,L5064
140-J-081,U8207
140-J-082,E5887
140-J-083,O0519
140-J-084,U9354
140-J-085,P6841
140-J-086,E8604
140-J-087,B6575
140-J-088,T6918
140-J-089,H8864
140-J-090,Z5156
140-J-091,T1860
140-J-092,M4140
140-J-093,A7803
140-J-094,O8395
140-J-095,E3416
140-J-096,Y4204
140-J-097,U6021
140-J-098,Q0813
140-J-099,Y9876
140-J-100,L6286
140-J-101,K0186
140-J-102,Q1092
140-J-103,S8883
140-J-104,K0580
140-K-057,N9807
140-K-058,R7999
140-K-059,C7712
140-K-060,Q7409
140-K-061,C5528
140-K-062,K9575
140-K-063,K5722
140-K-064,X1711
140-K-065,K3225
140-K-066,D9567
140-K-067,D5319
140-K-068,I6817
140-K-069,N6236
140-K-070,N1168
140-K-071,S5349
140-K-072,G6758
140-K-073,U0700
140-K-074,C6621
140-K-075,N5075
140-K-076,E2245
140-K-077,A7706
140-K-078,L4749
140-K-079,L1343
140-K-080,L7614
140-L-043,H9476
140-L-044,I4572
140-L-045,I0795
140-L-046,H1233
140-L-047,Y2749
140-L-048,B8492
140-L-049,K5518
140-L-050,W8285
140-L-051,O4356
140-L-052,E8784
140-L-053,U5373
140-L-054,F7554
140-L-055,L8615
140-L-056,E8353
140-M-007,K4012
140-M-008,W0742
140-M-009,N6694
140-M-011,E1344
140-M-012,J5325
140-M-013,T2410
140-M-015,Q3173
140-M-016,T5209
140-M-017,H3141
140-M-019,L8339
140-M-020,E9313
140-M-021,Y2031
140-M-023,W9994
140-M-024,D0736
140-M-025,I2665
140-M-027,H1827
140-M-028,K2394
140-M-029,X5286
140-M-030,Z0998
140-M-031,W0879
140-M-032,M2057
150-C-211,U2282
150-C-212,O4969
150-C-215,X3264
150-C-216,N4174
150-C-219,B1010
150-C-220,D1071
150-C-223,C4274
150-C-224,K4048
150-C-227,R3436
150-C-228,H5794
150-C-229,W4344
150-C-230,J6914
150-C-233,W4911
150-C-234,U9916
150-D-185,S2234
150-D-186,W4324
150-D-187,K6891
150-D-188,L5427
150-D-189,N0601
150-D-190,G7868
150-D-191,F2949
150-D-192,G5550
150-D-193,B0763
150-D-194,Q5903
150-D-195,S8305
150-D-196,Y2202
150-D-197,J6923
150-D-198,U9936
150-D-209,K3409
150-D-210,G8624
150-E-161,M4508
150-E-162,N4640
150-E-163,A9404
150-E-164,N1255
150-E-165,A9514
150-E-166,B0005
150-E-167,Y5470
150-E-168,S9452
150-E-169,E9331
150-E-170,I2404
150-E-171,H7321
150-E-172,O8929
150-E-173,U3142
150-E-174,M0609
150-E-175,Z3994
150-E-176,Y1716
150-E-177,D7543
150-E-178,A8788
150-E-179,O1570
150-E-180,M9134
150-E-181,K9176
150-E-182,K6464
150-E-183,Y8264
150-E-184,H4217
150-F-145,E6267
150-F-146,A3741
150-F-147,F7824
150-F-148,R6827
150-F-149,Q5312
150-F-150,I8027
150-F-151,V0785
150-F-152,K1641
150-F-153,R7701
150-F-154,T4315
150-F-155,Y6351
150-F-156,Z4421
150-F-157,V5160
150-F-158,R6163
150-F-159,K9046
150-F-160,R0483
150-G-121,U2861
150-G-122,W9759
150-G-123,N8063
150-G-124,Z2175
150-G-125,G0764
150-G-126,Q5906
150-G-127,C7667
150-G-128,V5295
150-G-129,E1732
150-G-130,B9199
150-G-131,O5857
150-G-132,E9272
150-G-133,D4877
150-G-134,P3393
150-G-135,C7629
150-G-136,B4863
150-H-105,B0277
150-H-106,Y9166
150-H-107,X0334
150-H-108,V2932
150-H-109,W6820
150-H-110,Q9077
150-H-111,I3845
150-H-112,A6640
150-H-113,Q6882
150-H-114,K0899
150-H-115,T0439
150-H-116,Y5378
150-H-117,F5001
150-H-118,U3440
150-H-119,D4385
150-H-120,F1492
150-J-081,B8242
150-J-082,J7672
150-J-083,U4494
150-J-084,R9039
150-J-085,M2455
150-J-086,E8421
150-J-087,N6737
150-J-088,J1686
150-J-089,H8429
150-J-090,K1676
150-J-091,I7732
150-J-092,B8800
150-J-093,Z6413
150-J-094,Y3696
150-J-095,V3546
150-J-096,H0406
150-J-097,C6770
150-J-098,I6418
150-J-099,L1853
150-J-100,W3309
150-J-101,C7226
150-J-102,M7020
150-J-103,W8869
150-J-104,J5971
150-K-057,D8780
150-K-058,U6927
150-K-059,K8456
150-K-060,T6614
150-K-061,Q2397
150-K-062,T0869
150-K-063,U2284
150-K-064,W5752
150-K-065,K9004
150-K-066,X2684
150-K-067,J3313
150-K-068,L4472
150-K-069,I3304
150-K-070,K2571
150-K-071,J4112
150-K-072,O4672
150-K-073,W5181
150-K-074,M0761
150-K-075,Q2337
150-K-076,X9362
150-K-077,D7690
150-K-078,G8148
150-K-079,F8315
150-K-080,X9331
150-L-043,P8627
150-L-044,X5324
150-L-045,E8786
150-L-046,S5648
150-L-047,O1841
150-L-048,D0160
150-L-049,A8312
150-L-050,Y3737
150-L-051,S5637
150-L-052,D6879
150-L-053,K1552
150-L-054,T6653
150-L-055,V6808
150-L-056,R7831
150-M-007,V3624
150-M-008,Y1541
150-M-011,J7773
150-M-012,E5285
150-M-015,H5651
150-M-016,L5482
150-M-019,J6103
150-M-020,K0096
150-M-023,P8305
150-M-024,V0304
150-M-027,B4985
150-M-028,H7954
150-M-029,T1870
150-M-030,X1492
150-M-031,P1745
150-M-032,D3653
160-C-211,I8764
160-C-212,M0654
160-C-215,Y5511
160-C-216,R9090
160-C-219,B8036
160-C-220,L2816
160-C-223,Q0278
160-C-224,X2675
160-C-227,A9698
160-C-228,A9132
160-C-229,U3955
160-C-230,F4159
160-C-233,U9667
160-C-234,M2577
160-D-185,S9071
160-D-186,H9076
160-D-187,W2031
160-D-188,U2589
160-D-189,B7383
160-D-190,O3759
160-D-191,J9931
160-D-192,W5604
160-D-193,X1713
160-D-194,W3816
160-D-195,Y0753
160-D-196,A4178
160-D-197,U8375
160-D-198,A7295
160-D-209,P3689
160-D-210,E6087
160-E-161,V3019
160-E-162,X0451
160-E-163,F2997
160-E-164,Z2302
160-E-165,M3737
160-E-166,E2030
160-E-167,U3492
160-E-168,C9840
160-E-169,Y6250
160-E-170,J4601
160-E-171,N6010
160-E-172,W7629
160-E-173,P3112
160-E-174,N4581
160-E-175,W1437
160-E-176,L5786
160-E-177,M8330
160-E-178,G4099
160-E-179,X7371
160-E-180,O6753
160-E-181,Q8627
160-E-182,B0807
160-E-183,R0060
160-E-184,G3253
160-F-145,M2849
160-F-146,Q1126
160-F-147,L6646
160-F-148,X0593
160-F-149,J5889
160-F-150,B2370
160-F-151,F7087
160-F-152,V0391
160-F-153,H7889
160-F-154,B1294
160-F-155,Z3247
160-F-156,S9535
160-F-157,P2098
160-F-158,Y8005
160-F-159,T6031
160-F-160,E1496
160-G-121,M0931
160-G-122,Q1901
160-G-123,J3348
160-G-124,G7172
160-G-125,C7068
160-G-126,L2113
160-G-127,H3472
160-G-128,W3359
160-G-129,R5797
160-G-130,N8093
160-G-131,T5978
160-G-132,W6977
160-G-133,D4676
160-G-134,Y3021
160-G-135,H9381
160-G-136,J5101
160-H-105,C6659
160-H-106,G3455
160-H-107,J4258
160-H-108,T3022
160-H-109,N5572
160-H-110,I1257
160-H-111,Y9045
160-H-112,K6947
160-H-113,P3012
160-H-114,Y4169
160-H-115,P6534
160-H-116,Q7487
160-H-117,F3154
160-H-118,D3174
160-H-119,Z4301
160-H-120,Y4891
160-J-081,H7964
160-J-082,S5162
160-J-083,U2255
160-J-084,Q5314
160-J-085,Z9984
160-J-086,Q3292
160-J-087,W2602
160-J-088,U9994
160-J-089,X0074
160-J-090,R4859
160-J-091,B8343
160-J-092,H1003
160-J-093,D2892
160-J-094,U8017
160-J-095,G1770
160-J-096,V6308
160-J-097,X5744
160-J-098,J4812
160-J-099,F0399
160-J-100,Z3058
160-J-101,A3988
160-J-102,E9674
160-J-103,M6960
160-J-104,Q8698
160-K-057,U3470
160-K-058,J6763
160-K-059,P2038
160-K-060,Z4178
160-K-061,U2763
160-K-062,M7141
160-K-063,C4408
160-K-064,E0829
160-K-065,F8874
160-K-066,C1910
160-K-067,Y1946
160-K-068,V6184
160-K-069,T1761
160-K-070,Z1328
160-K-071,D0954
160-K-072,K7903
160-K-073,V0038
160-K-074,M2898
160-K-075,D0284
160-K-076,V3991
160-K-077,R9144
160-K-078,B2741
160-K-079,G8476
160-K-080,M6404
160-L-043,X5173
160-L-044,X6915
160-L-045,A9122
160-L-046,E2802
160-L-047,Z4127
160-L-048,B4790
160-L-049,J8138
160-L-050,S4808
160-L-051,Z6442
160-L-052,E2628
160-L-053,Z7191
160-L-054,N5180
160-L-055,Y9238
160-L-056,U8614
160-M-007,A1473
160-M-008,U3498
160-M-011,H0368
160-M-012,U5463
160-M-015,N9548
160-M-016,N2970
160-M-019,M3141
160-M-020,D8477
160-M-023,T0983
160-M-024,A2333
160-M-027,V0578
160-M-028,V8116
160-M-029,K6848
160-M-030,Z7275
160-M-031,Y4985
160-M-032,C8743
170-C-211,U5894
170-C-212,Z4095
170-C-215,L1931
170-C-216,T5911
170-C-219,G0041
170-C-220,E5173
170-C-223,X5598
170-C-224,Z5383
170-C-227,N0231
170-C-228,W9742
170-C-229,D5340
170-C-230,N2629
170-C-233,X6675
170-C-234,D8964
170-D-185,K3744
170-D-186,L5497
170-D-187,X2656
170-D-188,W0498
170-D-189,Z3905
170-D-190,S2822
170-D-191,J6524
170-D-192,D9696
170-D-193,Q8253
170-D-194,T9493
170-D-195,K5239
170-D-196,M9244
170-D-197,X2533
170-D-198,L5438
170-D-209,P8434
170-D-210,B4491
170-E-161,Q2290
170-E-162,L3385
170-E-163,P4092
170-E-164,P5657
170-E-165,I8973
170-E-166,K3251
170-E-167,F1895
170-E-168,L9873
170-E-169,L7996
170-E-170,H1613
170-E-171,Y3094
170-E-172,Y9510
170-E-173,B7762
170-E-174,D6352
170-E-175,R9242
170-E-176,D0608
170-E-177,T8776
170-E-178,L3027
170-E-179,R1524
170-E-180,W8882
170-E-181,V1663
170-E-182,E5395
170-E-183,W9778
170-E-184,U3815
170-F-145,J2246
170-F-146,R8305
170-F-147,B3230
170-F-148,F2734
170-F-149,R1899
170-F-150,L1867
170-F-151,F1333
170-F-152,D7362
170-F-153,P1485
170-F-154,W6406
170-F-155,V8849
170-F-156,G4685
170-F-157,U1532
170-F-158,D7962
170-F-159,K1834
170-F-160,F0798
170-G-121,M1456
170-G-122,M0362
170-G-123,K9930
170-G-124,N3020
170-G-125,L6217
170-G-126,M0524
170-G-127,V7116
170-G-128,D5967
170-G-129,I6320
170-G-130,G2959
170-G-131,T7382
170-G-132,N1780
170-G-133,I6409
170-G-134,I1625
170-G-135,O5434
170-G-136,Y2677
170-H-105,K2090
170-H-106,C5752
170-H-107,B4436
170-H-108,P4450
170-H-109,I9325
170-H-110,X5818
170-H-111,G0515
170-H-112,K2082
170-H-113,C0746
170-H-114,N7107
170-H-115,A6003
170-H-116,R3735
170-H-117,C0753
170-H-118,Q0209
170-H-119,G5915
170-H-120,D7898
170-J-081,C0172
170-J-082,A9131
170-J-083,R0859
170-J-084,E3047
170-J-085,X3490
170-J-086,E5704
170-J-087,L5260
170-J-088,X7661
170-J-089,Y1410
170-J-090,L8185
170-J-091,A7166
170-J-092,O7729
170-J-093,X6798
170-J-094,G0260
170-J-095,J7144
170-J-096,S0640
170-J-097,Q0751
170-J-098,E8235
170-J-099,A1568
170-J-100,N4235
170-J-101,Q4402
170-J-102,K1880
170-J-103,M3223
170-J-104,V2125
170-K-057,R4268
170-K-058,F4869
170-K-059,C8090
170-K-060,L6075
170-K-061,T6075
170-K-062,Y2370
170-K-063,W1646
170-K-064,S5022
170-K-065,O7394
170-K-066,Q8379
170-K-067,L3411
170-K-068,K2358
170-K-069,U2576
170-K-070,C3582
170-K-071,G0095
170-K-072,Y6612
170-K-073,N4958
170-K-074,E7633
170-K-075,Y5409
170-K-076,M3677
170-K-077,N3491
170-K-078,T9088
170-K-079,P3909
170-K-080,G1666
170-L-043,F2707
170-L-044,K4583
170-L-045,M6451
170-L-046,T5133
170-L-047,Z4263
170-L-048,H9902
170-L-049,O8400
170-L-050,G0223
170-L-051,C0849
170-L-052,U5577
170-L-053,N4159
170-L-054,S8672
170-L-055,V8748
170-L-056,K1100
170-M-007,Z6116
170-M-008,F5691
170-M-011,P8921
170-M-012,P9025
170-M-015,P3352
170-M-016,U0709
170-M-019,I8367
170-M-020,P8417
170-M-023,J5240
170-M-024,O0186
170-M-027,A8285
170-M-028,Q2253
170-M-029,R0854
170-M-030,W9820
170-M-031,P8466
170-M-032,Z9282
180-C-211,R7686
180-C-212,U8263
180-C-214,N6019
180-C-215,D4733
180-C-216,W0277
180-C-218,D7895
180-C-219,C1747
180-C-220,L2263
180-C-222,K2830
180-C-223,S3265
180-C-224,M2535
180-C-226,I2653
180-C-227,F1274
180-C-228,B0962
180-C-229,W1780
180-C-230,P3293
180-C-232,P9232
180-C-233,P0906
180-C-234,L6428
180-D-185,A0576
180-D-186,R5587
180-D-187,D1078
180-D-188,R0317
180-D-189,G6622
180-D-190,V5833
180-D-191,I3783
180-D-192,X5064
180-D-193,V2425
180-D-194,J5853
180-D-195,P4646
180-D-196,I7615
180-D-197,L1564
180-D-198,X6043
180-D-209,M9903
180-D-210,E3813
180-E-161,H4067
180-E-162,S0282
180-E-163,P5102
180-E-164,A1291
180-E-165,M4716
180-E-166,W7705
180-E-167,X3593
180-E-168,L5997
180-E-169,M6409
180-E-170,N4676
180-E-171,N5312
180-E-172,J6255
180-E-173,J5411
180-E-174,X0383
180-E-175,M7454
180-E-176,V5249
180-E-177,O9700
180-E-178,W6477
180-E-179,C4075
180-E-180,M6148
180-E-181,C4440
180-E-182,A9693
180-E-183,H0799
180-E-184,M1252
180-F-145,H3497
180-F-146,J2221
180-F-147,K3224
180-F-148,D7870
180-F-149,H2125
180-F-150,H7230
180-F-151,S9635
180-F-152,P2516
180-F-153,Q0128
180-F-154,K6428
180-F-155,N8089
180-F-156,X0611
180-F-157,B8243
180-F-158,O5802
180-F-159,L9524
180-F-160,R3227
180-G-121,D6759
180-G-122,X8972
180-G-123,I1218
180-G-124,E4359
180-G-125,O5586
180-G-126,F8369
180-G-127,U8313
180-G-128,C6200
180-G-129,T4538
180-G-130,W4705
180-G-131,Z6717
180-G-132,X2732
180-G-133,Q2908
180-G-134,S6741
180-G-135,W9278
180-G-136,O2313
180-H-105,S6832
180-H-106,D9831
180-H-107,B6219
180-H-108,X0655
180-H-109,P9009
180-H-110,L7860
180-H-111,P6832
180-H-112,A0257
180-H-113,G6810
180-H-114,E1255
180-H-115,P5936
180-H-116,W5387
180-H-117,J6135
180-H-118,R1712
180-H-119,X3294
180-H-120,X1121
180-J-081,G7365
180-J-082,B5609
180-J-083,C3374
180-J-084,D5757
180-J-085,O5084
180-J-086,V1398
180-J-087,M3963
180-J-088,T2382
180-J-089,B7262
180-J-090,T2574
180-J-091,B7527
180-J-092,L3356
180-J-093,R0409
180-J-094,T6592
180-J-095,F1152
180-J-096,F2333
180-J-097,E6256
180-J-098,H1053
180-J-099,V8133
180-J-100,T6272
180-J-101,A1709
180-J-102,M2934
180-J-103,H0267
180-J-104,F3203
180-K-057,I0828
180-K-058,Q7955
180-K-059,G2444
180-K-060,M5470
180-K-061,A1719
180-K-062,N4484
180-K-063,T7806
180-K-064,O9365
180-K-065,D6614
180-K-066,R6323
180-K-067,N3537
180-K-068,I1264
180-K-069,U7849
180-K-070,M9744
180-K-071,E1523
180-K-072,Y8013
180-K-073,G1327
180-K-074,G7857
180-K-075,N2080
180-K-076,W4923
180-K-077,R8307
180-K-078,V3538
180-K-079,J3142
180-K-080,W9013
180-L-043,T9035
180-L-044,G7952
180-L-045,G4619
180-L-046,Y8849
180-L-047,Y7117
180-L-048,P0911
180-L-049,J6922
180-L-050,M6115
180-L-051,L0756
180-L-052,E3642
180-L-053,E0936
180-L-054,Z0052
180-L-055,F3743
180-L-056,C8946
180-M-007,U8182
180-M-008,T2386
180-M-010,U0979
180-M-011,M2683
180-M-012,N9156
180-M-014,R9650
180-M-015,T9641
180-M-016,B2188
180-M-018,U9836
180-M-019,D7868
180-M-020,W5233
180-M-022,X2818
180-M-023,X2918
180-M-024,G3099
180-M-026,V2779
180-M-027,C8136
180-M-028,D4651
180-M-029,X3766
180-M-030,S9272
180-M-031,X6242
180-M-032,G7874
190-C-211,Z6750
190-C-212,U8030
190-C-213,U7862
190-C-214,J4803
190-C-215,W2560
190-C-216,U3399
190-C-217,E4626
190-C-218,V4982
190-C-219,B0063
190-C-220,U0670
190-C-221,H7856
190-C-222,T8886
190-C-223,N1488
190-C-224,C9723
190-C-225,J3625
190-C-226,F2262
190-C-227,N9089
190-C-228,Y6844
190-C-229,Z0555
190-C-230,E1985
190-C-231,U9944
190-C-232,Z5103
190-C-233,Z8353
190-C-234,F1662
190-D-185,N7652
190-D-186,J5619
190-D-187,L5046
190-D-188,K5631
190-D-189,T6399
190-D-190,M6586
190-D-191,E2286
190-D-192,S2395
190-D-193,D1758
190-D-194,H1818
190-D-195,Q6640
190-D-196,J1236
190-D-197,C0694
190-D-198,O9688
190-D-209,M3716
190-D-210,X9983
190-E-161,L9874
190-E-162,S4767
190-E-163,J9449
190-E-164,X0267
190-E-165,B6602
190-E-166,Z4523
190-E-167,G4382
190-E-168,A2626
190-E-169,F4314
190-E-170,M9265
190-E-171,V5198
190-E-172,R6189
190-E-173,U2656
190-E-174,V8862
190-E-175,Y9563
190-E-176,G5143
190-E-177,C2367
190-E-178,D8161
190-E-179,C2963
190-E-180,B3639
190-E-181,T2702
190-E-182,U4674
190-E-183,O7489
190-E-184,R7094
190-F-145,X6822
190-F-146,I9662
190-F-147,P4301
190-F-148,S3636
190-F-149,T9617
190-F-150,G5458
190-F-151,L6467
190-F-152,Y0734
190-F-153,T2694
190-F-154,N4659
190-F-155,B2393
190-F-156,V2637
190-F-157,G0064
190-F-158,W7300
190-F-159,F0219
190-F-160,X1965
190-G-121,L5908
190-G-122,O1673
190-G-123,W8702
190-G-124,R4946
190-G-125,L5620
190-G-126,Y8336
190-G-127,U8204
190-G-128,K8708
190-G-129,T1199
190-G-130,H9419
190-G-131,A3975
190-G-132,I3289
190-G-133,O1237
190-G-134,N8644
190-G-135,A1340
190-G-136,J1757
190-H-105,R5488
190-H-106,S9224
190-H-107,W2078
190-H-108,B7382
190-H-109,A8239
190-H-110,O9479
190-H-111,T5041
190-H-112,A3785
190-H-113,I8552
190-H-114,R6499
190-H-115,F9899
190-H-116,E1734
190-H-117,L6206
190-H-118,A3700
190-H-119,B7812
190-H-120,N6999
190-J-081,L5721
190-J-082,Z4752
190-J-083,V8130
190-J-084,X3315
190-J-085,J0331
190-J-086,D9397
190-J-087,U5893
190-J-088,Q6385
190-J-089,V8714
190-J-090,I4743
190-J-091,Z2313
190-J-092,C2428
190-J-093,B7006
190-J-094,L4960
190-J-095,P6982
190-J-096,N8872
190-J-097,H9215
190-J-098,Z8959
190-J-099,P1641
190-J-100,R5513
190-J-101,C2849
190-J-102,M7613
190-J-103,E7694
190-J-104,Y4135
190-K-057,X0551
190-K-058,Q3802
190-K-059,Q7965
190-K-060,K3561
190-K-061,R2776
190-K-062,R0600
190-K-063,P5662
190-K-064,A0875
190-K-065,N8539
190-K-066,L9510
190-K-067,K7276
190-K-068,G2327
190-K-069,Z9893
190-K-070,A8760
190-K-071,M5836
190-K-072,O8786
190-K-073,R7797
190-K-074,L6713
190-K-075,F6343
190-K-076,B0343
190-K-077,P4805
190-K-078,F3975
190-K-079,W9215
190-K-080,I5606
190-L-043,P3273
190-L-044,T2003
190-L-045,S9827
190-L-046,U8448
190-L-047,Z8556
190-L-048,E3287
190-L-049,K9141
190-L-050,E9995
190-L-051,S1725
190-L-052,L4075
190-L-053,F5785
190-L-054,L3456
190-L-055,H5435
190-L-056,W4336
190-M-007,V4655
190-M-008,U9175
190-M-009,L1815
190-M-010,S9858
190-M-011,H3510
190-M-012,P9558
190-M-013,K5566
190-M-014,T8971
190-M-015,F1600
190-M-016,Y7935
190-M-017,K5276
190-M-018,I5621
190-M-019,H3593
190-M-020,E9062
190-M-021,V0944
190-M-022,G1538
190-M-023,E4459
190-M-024,Y4554
190-M-025,A2966
190-M-026,U8051
190-M-027,Z6174
190-M-028,K6232
190-M-029,M0024
190-M-030,Z4496
190-M-031,V8620
190-M-032,P0901
200-C-211,Y3640
200-C-212,G0327
200-C-213,I9194
200-C-214,Y8919
200-C-215,I9441
200-C-216,Z2882
200-C-217,M5899
200-C-218,X8474
200-C-219,H0037
200-C-220,X0863
200-C-221,U1168
200-C-222,J1033
200-C-223,S7107
200-C-224,A9652
200-C-225,N0202
200-C-226,O4562
200-C-227,E6462
200-C-228,I2969
200-C-229,Y2720
200-C-230,P9380
200-C-231,U8246
200-C-232,P0903
200-C-233,O9446
200-C-234,F5580
200-D-185,E3824
200-D-186,A7417
200-D-187,Z5151
200-D-188,C9177
200-D-189,C0440
200-D-190,T6581
200-D-191,B0164
200-D-192,B6864
200-D-193,V8615
200-D-194,P3229
200-D-195,D8645
200-D-196,T8328
200-D-197,B4078
200-D-198,W6694
200-D-209,Y2530
200-D-210,G3275
200-E-161,G8405
200-E-162,O4871
200-E-163,W2419
200-E-164,A4635
200-E-165,N8203
200-E-166,M7977
200-E-167,E5933
200-E-168,M7888
200-E-169,X3171
200-E-170,V7583
200-E-171,Y9266
200-E-172,L6988
200-E-173,R9557
200-E-174,R7693
200-E-175,P0619
200-E-176,Z5826
200-E-177,N5875
200-E-178,N0832
200-E-179,H1257
200-E-180,M9073
200-E-181,U1899
200-E-182,G1955
200-E-183,V7370
200-E-184,N8140
200-F-145,K3288
200-F-146,T7132
200-F-147,H9807
200-F-148,S1380
200-F-149,A7153
200-F-150,B0756
200-F-151,Q1528
200-F-152,T2042
200-F-153,L1170
200-F-154,Q1582
200-F-155,O1956
200-F-156,B1954
200-F-157,P0643
200-F-158,V9883
200-F-159,P3156
200-F-160,W2579
200-G-121,S1283
200-G-122,B1449
200-G-123,K4225
200-G-125,Z1556
200-G-126,B4565
200-G-127,Q8481
200-G-129,U2904
200-G-130,L1613
200-G-131,X0414
200-G-133,B1789
200-G-134,Q8482
200-G-135,C2113
200-G-136,D4595
200-H-105,L1381
200-H-106,M5352
200-H-107,R9590
200-H-109,W1892
200-H-110,Q9858
200-H-111,F2727
200-H-113,X2432
200-H-114,J4879
200-H-115,S2117
200-H-117,K3687
200-H-118,T1407
200-H-119,Y9951
200-H-120,F0281
200-J-081,O3652
200-J-082,F8220
200-J-083,L0474
200-J-085,O8775
200-J-086,X7930
200-J-087,I5472
200-J-089,F4473
200-J-090,P3912
200-J-091,H0778
200-J-093,C0715
200-J-094,B6172
200-J-095,F1497
200-J-096,B6475
200-J-097,E8434
200-J-099,D0741
200-J-100,H5318
200-J-101,I8035
200-J-103,A4460
200-J-104,P9202
200-K-057,V2766
200-K-058,Z3190
200-K-059,U6115
200-K-061,Y6770
200-K-062,F6649
200-K-063,Y1506
200-K-065,T4221
200-K-066,Y4735
200-K-067,F9788
200-K-069,Z1561
200-K-070,L7697
200-K-071,B8854
200-K-073,J6692
200-K-074,F5437
200-K-075,P7380
200-K-077,K1798
200-K-078,Z8363
200-K-079,O9802
200-K-080,T5017
200-L-043,I1329
200-L-044,H6228
200-L-045,S9137
200-L-047,N6295
200-L-048,R3459
200-L-049,T5708
200-L-051,L5378
200-L-052,B2120
200-L-053,H5247
200-L-055,G1121
200-L-056,B8874
200-M-007,J5157
200-M-008,B0531
200-M-009,G4242
200-M-011,A5144
200-M-012,Z7012
200-M-013,B1066
200-M-015,M4972
200-M-016,M8506
200-M-017,J2151
200-M-019,E5418
200-M-020,E4902
200-M-021,P2229
200-M-023,G0056
200-M-024,X1166
200-M-025,J2236
200-M-027,B9724
200-M-028,E6719
200-M-029,H1682
200-M-030,R5663
200-M-031,S2764
200-M-032,E4855
210-C-212,D3752
210-C-214,R8395
210-C-216,S0064
210-C-218,M0146
210-C-220,L9158
210-C-222,D3467
210-C-224,Q2343
210-C-226,V3244
210-C-228,O4900
210-C-230,Z1008
210-C-232,N9728
210-C-234,W3214
210-D-186,J6792
210-D-188,O5842
210-D-190,F6086
210-D-192,I1033
210-D-194,J4869
210-D-196,O0557
210-D-198,O7492
210-D-210,X4203
210-E-162,D9757
210-E-164,C8869
210-E-166,S2617
210-E-168,P5415
210-E-170,G3825
210-E-172,X4797
210-E-174,X8331
210-E-176,M0413
210-E-178,V0571
210-E-180,X2872
210-E-182,H1577
210-E-184,T2271
210-F-146,J0128
210-F-148,V9221
210-F-150,A9840
210-F-152,E0415
210-F-154,M4809
210-F-156,Q4751
210-F-158,R0434
210-F-160,S7320
210-G-122,V0541
210-G-124,Q5373
210-G-126,Y6245
210-G-128,T3661
210-G-130,K8736
210-G-132,H7733
210-G-134,A1028
210-G-136,K9650
210-H-106,D5722
210-H-108,Z3967
210-H-110,R4583
210-H-112,Z2290
210-H-114,N0562
210-H-116,R7384
210-H-118,E3156
210-H-120,L7052
210-J-082,B5312
210-J-084,C9584
210-J-086,H9884
210-J-088,W8216
210-J-090,E7905
210-J-092,F4986
210-J-094,G2150
210-J-096,D0199
210-J-098,H5664
210-J-100,T5154
210-J-102,A4672
210-J-104,E7824
210-K-058,Q1504
210-K-060,Z5743
210-K-062,X5969
210-K-064,V7743
210-K-066,N5818
210-K-068,M0500
210-K-070,I6233
210-K-072,O4734
210-K-074,X4409
210-K-076,E6069
210-K-078,T0579
210-K-080,G4243
210-L-044,T4379
210-L-046,V7216
210-L-048,F8309
210-L-050,F1847
210-L-052,R0848
210-L-054,G7356
210-L-056,V2676
210-M-008,U4171
210-M-010,D5687
210-M-012,G9620
210-M-014,D7827
210-M-016,M0564
210-M-018,Q9135
210-M-020,U8154
210-M-022,E9065
210-M-024,N9699
210-M-026,H4443
210-M-028,C7720
210-M-030,C0437
210-M-032,E7960
220-C-211,M9980
220-C-212,G2135
220-C-213,C3388
220-C-214,U0802
220-C-215,C0965
220-C-216,C5446
220-C-217,Y8466
220-C-218,U2415
220-C-219,G2274
220-C-220,E9697
220-C-221,O0244
220-C-222,X3590
220-C-223,G6311
220-C-224,F7922
220-C-225,L4576
220-C-226,W1479
220-C-227,P6414
220-C-228,S7455
220-C-229,M6541
220-C-230,T2985
220-C-231,B2608
220-C-232,N3597
220-C-233,E8392
220-C-234,S1384
220-D-185,W0960
220-D-186,V4314
220-D-187,W5467
220-D-188,W1251
220-D-189,N1421
220-D-190,E8561
220-D-191,R5898
220-D-192,M4622
220-D-193,L7023
220-D-194,C1489
220-D-195,Y1184
220-D-196,K9285
220-D-197,K2727
220-D-198,O1224
220-D-209,G3051
220-D-210,S3206
220-E-161,G3904
220-E-162,J9672
220-E-163,T9415
220-E-164,X1395
220-E-165,V6595
220-E-166,K2912
220-E-167,Y7229
220-E-168,S4091
220-E-169,D0500
220-E-170,Q0242
220-E-171,G9525
220-E-172,I1296
220-E-173,U0255
220-E-174,Q4566
220-E-175,S8207
220-E-176,B3316
220-E-177,Z0144
220-E-178,X4175
220-E-179,H0957
220-E-180,M6454
220-E-181,U2223
220-E-182,X2687
220-E-183,A4786
220-E-184,K2229
220-F-145,J6148
220-F-146,M1924
220-F-147,T6364
220-F-148,G8822
220-F-149,J2958
220-F-150,H6989
220-F-151,Q2050
220-F-152,N1622
220-F-153,B2152
220-F-154,M5209
220-F-155,W4703
220-F-156,P9904
220-F-157,O7461
220-F-158,D5587
220-F-159,P4680
220-F-160,J6203
220-G-121,K0137
220-G-122,V8706
220-G-123,D7435
220-G-124,P2890
220-G-125,P3395
220-G-126,C6302
220-G-127,H3904
220-G-128,E6312
220-G-129,K2493
220-G-130,V1279
220-G-131,S7616
220-G-132,O4878
220-G-133,T5200
220-G-134,E0353
220-G-135,Q0159
220-G-136,Z2857
220-H-105,L6227
220-H-106,V3836
220-H-107,K4635
220-H-108,M9790
220-H-109,G4540
220-H-110,L6929
220-H-111,Q8892
220-H-112,D4524
220-H-113,J0849
220-H-114,Z6140
220-H-115,N8304
220-H-116,U1756
220-H-117,O9260
220-H-118,G5300
220-H-119,T9930
220-H-120,C4943
220-J-081,R0464
220-J-082,A4208
220-J-083,U4681
220-J-084,L0866
220-J-085,L4925
220-J-086,N7685
220-J-087,Z9691
220-J-088,A4920
220-J-089,T0453
220-J-090,Z9814
220-J-091,V7862
220-J-092,M9808
220-J-093,A7922
220-J-094,C3183
220-J-095,F3051
220-J-096,O3312
220-J-097,V8431
220-J-098,Z0940
220-J-099,E8823
220-J-100,M7115
220-J-101,C2477
220-J-102,P3317
220-J-103,H0018
220-J-104,Y9782
220-K-057,Z8861
220-K-058,E2131
220-K-059,Y5138
220-K-060,N3229
220-K-061,P2382
220-K-062,B7045
220-K-063,H4405
220-K-064,V7315
220-K-065,M6976
220-K-066,U6107
220-K-067,Z4221
220-K-068,Z2557
220-K-069,C9097
220-K-070,D7071
220-K-071,P4893
220-K-072,Y4885
220-K-073,L5085
220-K-074,Y5034
220-K-075,K0423
220-K-076,P2040
220-K-077,S2495
220-K-078,F3341
220-K-079,D7764
220-K-080,X8528
220-L-043,Q3296
220-L-044,R9194
220-L-045,V8917
220-L-046,G3485
220-L-047,R2307
220-L-048,W7073
220-L-049,I5492
220-L-050,X0953
220-L-051,N7844
220-L-052,J3501
220-L-053,N3179
220-L-054,E7734
220-L-055,B2225
220-L-056,A3073
220-M-007,K3895
220-M-008,J2906
220-M-009,S6520
220-M-010,S4154
220-M-011,L3605
220-M-012,I8136
220-M-013,J0400
220-M-014,P3150
220-M-015,M8785
220-M-016,X7075
220-M-017,A8468
220-M-018,X3473
220-M-019,Q6420
220-M-020,E6882
220-M-021,T1421
220-M-022,W9783
220-M-023,B9327
220-M-024,N8411
220-M-025,Z7225
220-M-026,X0122
220-M-027,J0317
220-M-028,G7035
220-M-029,A1610
220-M-030,U2368
220-M-031,B6166
220-M-032,S9211
230-C-211,O6836
230-C-213,P2975
230-C-215,L6487
230-C-217,W6885
230-C-219,G4308
230-C-221,H8940
230-C-223,O8062
230-C-225,X3059
230-C-227,T5179
230-C-229,M2673
230-C-231,H4849
230-C-233,R8777
230-D-185,D5732
230-D-186,L1520
230-D-187,Y7088
230-D-188,E3609
230-D-189,F1623
230-D-190,A1720
230-D-191,R7884
230-D-192,F7378
230-D-193,N4383
230-D-194,F8125
230-D-195,I6827
230-D-196,D2476
230-D-197,S4457
230-D-198,J2621
230-D-209,H7651
230-E-161,B5501
230-E-162,J0117
230-E-163,P9626
230-E-164,Q2023
230-E-165,Q9647
230-E-166,W1109
230-E-167,F9352
230-E-168,L6374
230-E-169,A5120
230-E-170,E7343
230-E-171,V6230
230-E-172,D4102
230-E-173,H7165
230-E-174,T9098
230-E-175,E3651
230-E-176,H6822
230-E-177,D9169
230-E-178,N8493
230-E-179,B9854
230-E-180,T6715
230-E-181,N4490
230-E-182,E3825
230-E-183,P7030
230-E-184,F0052
230-F-145,R0432
230-F-146,G0089
230-F-147,E6615
230-F-148,I8328
230-F-149,B8419
230-F-150,W2200
230-F-151,W9423
230-F-152,Y0417
230-F-153,F1665
230-F-154,U7611
230-F-155,T8274
230-F-156,J9908
230-F-157,R0110
230-F-158,Z3043
230-F-159,K3216
230-F-160,B2321
230-G-121,T8452
230-G-122,L1590
230-G-123,Z0981
230-G-124,R0392
230-G-125,O8588
230-G-126,T6888
230-G-127,E1615
230-G-128,A5583
230-G-129,W1447
230-G-130,H1851
230-G-131,Q3751
230-G-132,L2633
230-G-133,N8110
230-G-134,K7773
230-G-135,Z2002
230-G-136,D9378
230-H-105,R8015
230-H-106,W8411
230-H-107,R8055
230-H-108,F3115
230-H-109,M8668
230-H-110,F4893
230-H-111,F9796
230-H-112,Q4310
230-H-113,G6380
230-H-114,R2908
230-H-115,A3698
230-H-116,V2768
230-H-117,N6607
230-H-118,P5210
230-H-119,M1490
230-H-120,C3694
230-J-081,W4676
230-J-082,A3328
230-J-083,X2633
230-J-084,X0814
230-J-085,G2914
230-J-086,B0021
230-J-087,Y0916
230-J-088,X8491
230-J-089,X4798
230-J-090,F8410
230-J-091,O1845
230-J-092,G6218
230-J-093,H1866
230-J-094,Y1470
230-J-095,W1753
230-J-096,V4343
230-J-097,U9060
230-J-098,A9977
230-J-099,B6614
230-J-100,K0712
230-J-101,E2796
230-J-102,X4788
230-J-103,U3700
230-J-104,C9420
230-K-057,B4605
230-K-058,W2280
230-K-059,W0874
230-K-060,F5573
230-K-061,K4019
230-K-062,A3835
230-K-063,H4079
230-K-064,S9735
230-K-065,J7438
230-K-066,Y0413
230-K-067,I9606
230-K-068,D9539
230-K-069,Q0513
230-K-070,N1419
230-K-071,Q6248
230-K-072,G2873
230-K-073,B8914
230-K-074,O7348
230-K-075,Z6009
230-K-076,R6003
230-K-077,S2713
230-K-078,Z2019
230-K-079,X9407
230-K-080,C2176
230-L-043,N1744
230-L-044,N4317
230-L-045,F4578
230-L-046,F0933
230-L-047,D8950
230-L-048,F2866
230-L-049,J5578
230-L-050,F1906
230-L-051,Z8343
230-L-052,B1723
230-L-053,C8230
230-L-054,P9498
230-L-055,I3913
230-L-056,R4068
230-M-007,P3306
230-M-009,C7669
230-M-011,M0926
230-M-013,X9915
230-M-015,N7780
230-M-017,L6761
230-M-019,L0982
230-M-021,Q5556
230-M-023,E8584
230-M-025,R0157
230-M-027,T5440
230-M-029,D4675
230-M-031,G2293
240-D-185,N3756
240-D-186,J3388
240-D-187,E0710
240-D-188,J6979
240-D-189,E6390
240-D-190,U7117
240-D-191,H3032
240-D-192,M3576
240-D-193,L1261
240-D-194,Q4255
240-D-195,F2755
240-D-196,T4219
240-D-197,Z7127
240-D-198,Z9438
240-E-161,N6997
240-E-162,K1048
240-E-163,X9469
240-E-164,N7306
240-E-165,F4260
240-E-166,P8172
240-E-167,J1862
240-E-168,Q1221
240-E-169,F2320
240-E-170,N3543
240-E-171,L9623
240-E-172,M5306
240-E-173,I5125
240-E-174,S9063
240-E-175,I3680
240-E-176,L9443
240-E-177,J1332
240-E-178,L0990
240-E-179,O8687
240-E-180,W8189
240-E-181,V9579
240-E-182,D7859
240-E-183,A8231
240-E-184,F5322
240-F-145,C7014
240-F-146,F8080
240-F-147,Y7116
240-F-148,K3933
240-F-149,E2142
240-F-150,Y7581
240-F-151,I0311
240-F-152,O8554
240-F-153,D0395
240-F-154,T1072
240-F-155,N8974
240-F-156,H2752
240-F-157,G3912
240-F-158,J9760
240-F-159,X8848
240-F-160,W3088
240-G-122,Y2481
240-G-124,C9368
240-G-126,L8297
240-G-128,M4509
240-G-130,U3088
240-G-132,V9009
240-G-134,L3042
240-G-136,R5879
240-H-106,R1390
240-H-108,Q7370
240-H-110,W7759
240-H-112,N6693
240-H-114,X2166
240-H-116,L4438
240-H-118,V3544
240-H-120,H4367
240-J-082,D6903
240-J-084,A8116
240-J-086,B5094
240-J-088,D5553
240-J-090,D7369
240-J-092,A8364
240-J-094,V4197
240-J-096,B1752
240-J-098,C2643
240-J-100,R2532
240-J-102,X1497
240-J-104,J5335
240-K-058,Q5095
240-K-060,Y8090
240-K-062,U2324
240-K-064,T3609
240-K-066,D3495
240-K-068,A4906
240-K-070,Z0107
240-K-072,N9345
240-K-074,V2371
240-K-076,U5058
240-K-078,M5594
240-K-080,Q6445
240-L-044,N3555
240-L-046,V5822
240-L-048,Q5950
240-L-050,Z2831
240-L-052,F3811
240-L-054,O1695
240-L-056,S5490
250-D-185,J1007
250-D-186,O2315
250-D-187,S7031
250-D-188,G5515
250-D-189,D4943
250-D-190,G1851
250-D-191,Z9093
250-D-192,B6682
250-D-193,B1101
250-D-194,O0321
250-D-195,C1837
250-D-196,B6735
250-D-197,D2384
250-D-198,B8668
250-E-161,F1535
250-E-162,E6421
250-E-163,Z8670
250-E-164,L6449
250-E-165,X2785
250-E-166,E6742
250-E-167,B1015
250-E-168,M3029
250-E-169,N0910
250-E-170,G5096
250-E-171,E1721
250-E-172,S9544
250-E-173,F9518
250-E-174,U0749
250-E-175,S6856
250-E-176,K2615
250-E-177,G2090
250-E-178,N5098
250-E-179,A4873
250-E-180,D9203
250-E-181,Z9959
250-E-182,Y9953
250-E-183,U3660
250-E-184,L5593
250-F-145,V2316
250-F-146,G8175
250-F-147,Q1660
250-F-148,Y5096
250-F-149,X0841
250-F-150,Q3105
250-F-151,A7838
250-F-152,I4626
250-F-153,G3763
250-F-154,Y2928
250-F-155,X2492
250-F-156,M0090
250-F-157,A0067
250-F-158,L9261
250-F-159,D8803
250-F-160,V5048
250-G-122,R8706
250-G-124,E8001
250-G-126,Q8604
250-G-128,Q5797
250-G-130,V6679
250-G-132,B3359
250-G-134,C0552
250-G-136,L6509
250-H-106,L6365
250-H-108,R4706
250-H-110,H6362
250-H-112,R0400
250-H-114,M5533
250-H-116,D1619
250-H-118,L9085
250-H-120,D2074
250-J-082,E1066
250-J-084,N2011
250-J-086,Y6855
250-J-088,W2000
250-J-090,U7798
250-J-092,X0719
250-J-094,D7812
250-J-096,W5941
250-J-098,T8798
250-J-100,G5736
250-J-102,C2840
250-J-104,E3316
250-K-058,K0465
250-K-060,K5441
250-K-062,W0355
250-K-064,Y7888
250-K-066,Z1231
250-K-068,Z0688
250-K-070,X2846
250-K-072,C6792
250-K-074,V8844
250-K-076,I2308
250-K-078,G5122
250-K-080,E3846
250-L-044,P1267
250-L-046,U7711
250-L-048,U5423
250-L-050,O1517
250-L-052,R3587
250-L-054,M2560
250-L-056,G3831
260-D-186,W4592
260-D-188,Z5983
260-D-190,U8238
260-D-192,I8706
260-D-194,K5865
260-D-196,C8581
260-D-198,E2526
260-E-162,G5118
260-E-164,Q6156
260-E-166,A9500
260-E-168,T6096
260-E-170,Q2391
260-E-172,I4224
260-E-174,T5859
260-E-176,W2979
260-E-178,J8838
260-E-180,K9958
260-E-182,A0268
260-E-184,X4308
260-F-146,Y4091
260-F-148,B1727
260-F-150,D3130
260-F-152,Q0681
260-F-154,A0711
260-F-156,N6512
260-F-158,M5592
260-F-160,D6917
260-G-122,B4371
260-G-124,A5844
260-G-126,S9733
260-G-128,L0650
260-G-130,L9144
260-G-132,J7350
260-G-134,L5489
260-G-136,J5639
260-H-106,J5651
260-H-108,O4769
260-H-110,O5243
260-H-112,B7797
260-H-114,W1256
260-H-116,S6953
260-H-118,H1254
260-H-120,C1649
260-J-082,K0220
260-J-084,L8527
260-J-086,N9630
260-J-088,Z7450
260-J-090,V2269
260-J-092,S2006
260-J-094,W0514
260-J-096,G8810
260-J-098,V4701
260-J-100,A4057
260-J-102,R1226
260-J-104,V8722
260-K-058,K2040
260-K-060,V6693
260-K-062,B5402
260-K-064,F0947
260-K-066,M9382
260-K-068,J8415
260-K-070,M5709
260-K-072,E2692
260-K-074,W4346
260-K-076,K6553
260-K-078,S3703
260-K-080,Z2687
260-L-044,I4799
260-L-046,D3194
260-L-048,K9887
260-L-050,O6280
260-L-052,P1726
260-L-054,I2869
260-L-056,A9409
270-C-212,I4301
270-C-214,E6657
270-C-216,G7621
270-C-218,F6460
270-C-220,G3515
270-C-222,Y0698
270-C-224,Q7026
270-C-226,B3986
270-C-228,K9812
270-C-230,L2675
270-C-232,O5999
270-C-234,M0604
270-D-186,S4220
270-D-188,T3594
270-D-190,R1133
270-D-192,P0179
270-D-194,F2539
270-D-196,A6692
270-D-198,O1245
270-D-210,S0172
270-E-162,O6274
270-E-164,U0376
270-E-166,I4140
270-E-168,A8121
270-E-170,B6676
270-E-172,Y7861
270-E-174,W5275
270-E-176,T8594
270-E-178,A1087
270-E-180,H4473
270-E-182,B9535
270-E-184,N7005
270-F-146,C6123
270-F-148,Y9473
270-F-150,W8642
270-F-152,C7521
270-F-154,K0641
270-F-156,A6849
270-F-158,Z8303
270-F-160,D5562
270-G-122,B2715
270-G-124,F1429
270-G-126,I2222
270-G-128,W3635
270-G-130,O2898
270-G-132,O6247
270-G-134,B2571
270-G-136,I8218
270-H-106,J9161
270-H-108,Q0535
270-H-110,H1715
270-H-112,S6960
270-H-114,T4434
270-H-116,B3823
270-H-118,P7712
270-H-120,L4069
270-J-082,K4131
270-J-084,X6018
270-J-086,D3246
270-J-088,E4884
270-J-090,U8394
270-J-092,C4673
270-J-094,H8647
270-J-096,Y6532
270-J-098,B5308
270-J-100,T6389
270-J-102,K7248
270-J-104,L2509
270-K-058,T0122
270-K-060,C7739
270-K-062,F1010
270-K-064,K2649
270-K-066,P1786
270-K-068,T6658
270-K-070,Y5276
270-K-072,P9210
270-K-074,O6869
270-K-076,T6626
270-K-078,U0338
270-K-080,A3668
270-L-044,D5023
270-L-046,V6451
270-L-048,G3997
270-L-050,T6455
270-L-052,Y9127
270-L-054,Y9713
270-L-056,S4169
270-M-012,T9309
270-M-016,L7264
270-M-020,L1035
270-M-024,V6597
270-M-028,H3505
280-C-211,I7474
280-C-212,P5887
280-C-213,M5756
280-C-214,U6632
280-C-215,A1322
280-C-216,U7223
280-C-217,Y6609
280-C-218,B3760
280-C-219,E8556
280-C-220,O5216
280-C-221,Q8157
280-C-222,P3885
280-C-223,K1580
280-C-224,T4234
280-C-225,B3273
280-C-226,K1313
280-C-227,C2991
280-C-228,C4862
280-C-229,I8317
280-C-230,J0969
280-C-231,N8293
280-C-232,G4601
280-C-233,T5016
280-C-234,G2669
280-C-236,K6851
280-C-238,O9076
280-C-240,U5337
280-D-185,F8347
280-D-186,V0729
280-D-187,U8241
280-D-188,N6054
280-D-189,A1250
280-D-190,O0145
280-D-191,Z8821
280-D-192,A2821
280-D-193,Y4142
280-D-194,P9178
280-D-195,O9689
280-D-196,C1439
280-D-197,Y6358
280-D-198,B0218
280-D-209,V8896
280-D-210,B8025
280-E-161,P1709
280-E-162,T4542
280-E-163,T0740
280-E-164,V2858
280-E-165,T7538
280-E-166,A9345
280-E-167,G3393
280-E-168,N2682
280-E-169,F3292
280-E-170,A9302
280-E-171,D1007
280-E-172,O6502
280-E-173,M6636
280-E-174,R0283
280-E-175,L9836
280-E-176,Y9438
280-E-177,M4808
280-E-178,S9491
280-E-179,I0691
280-E-180,S7369
280-E-181,V0802
280-E-182,O9505
280-E-183,U5043
280-E-184,X9754
280-F-140,U4908
280-F-142,R2312
280-F-144,O9220
280-F-145,C8547
280-F-146,T8745
280-F-147,Y9543
280-F-148,N9770
280-F-149,E9731
280-F-150,J1989
280-F-151,L6597
280-F-152,H3883
280-F-153,W4572
280-F-154,U6750
280-F-155,G5087
280-F-156,Q0817
280-F-157,W4867
280-F-158,V7539
280-F-159,E7780
280-F-160,G9618
280-G-121,E8803
280-G-122,N2957
280-G-123,M2188
280-G-124,D4571
280-G-125,P9127
280-G-126,W0351
280-G-127,F8985
280-G-128,G6446
280-G-129,A2574
280-G-130,A9683
280-G-131,F0029
280-G-132,P0537
280-G-133,E3633
280-G-134,D1880
280-G-135,C9358
280-G-136,B4258
280-H-105,U9646
280-H-106,C0451
280-H-107,X8043
280-H-108,R5989
280-H-109,Y2286
280-H-110,H4927
280-H-111,G1317
280-H-112,S2891
280-H-113,E7007
280-H-114,J5917
280-H-115,R3166
280-H-116,M9154
280-H-117,M8337
280-H-118,T2539
280-H-119,W7589
280-H-120,U2755
280-J-081,O4736
280-J-082,J9210
280-J-083,Q5494
280-J-084,L4903
280-J-085,C4397
280-J-086,E1061
280-J-087,A0849
280-J-088,B7298
280-J-089,S5538
280-J-090,J3224
280-J-091,S0170
280-J-092,W2303
280-J-093,Q7779
280-J-094,X5028
280-J-095,X5283
280-J-096,Z2807
280-J-097,W2342
280-J-098,U6181
280-J-099,K9631
280-J-100,S8118
280-J-101,K8460
280-J-102,S2008
280-J-103,B7149
280-J-104,U0353
280-K-057,I6524
280-K-058,L2856
280-K-059,A0537
280-K-060,G1026
280-K-061,P8009
280-K-062,F2914
280-K-063,C1767
280-K-064,O0376
280-K-065,S0576
280-K-066,G4788
280-K-067,U2363
280-K-068,Q5531
280-K-069,E7392
280-K-070,Z1101
280-K-071,K7886
280-K-072,H0144
280-K-073,N3014
280-K-074,M7319
280-K-075,S8696
280-K-076,D6054
280-K-077,V2586
280-K-078,F2232
280-K-079,I0275
280-K-080,B1250
280-L-043,G7900
280-L-044,M2784
280-L-045,Q0014
280-L-046,C2517
280-L-047,U5327
280-L-048,M9131
280-L-049,P9207
280-L-050,N7992
280-L-051,D1385
280-L-052,D0646
280-L-053,T6235
280-L-054,C8064
280-L-055,E3496
280-L-056,R1894
